{"cameraMode":{"drawMode":0,"name":"Shaded","section":"Shading Mode"},"sceneLighting":true,"audioPlay":false,"sceneViewState":{"m_AlwaysRefresh":false,"showFog":true,"showSkybox":true,"showFlares":true,"showImageEffects":true,"showParticleSystems":true,"showVisualEffectGraphs":true,"m_FxEnabled":true},"in2DMode":false,"pivot":{"x":-2.7494521141052248,"y":-5.308870792388916,"z":8.759721755981446},"rotation":{"x":-0.21900033950805665,"y":0.014375902712345124,"z":-0.0032094737980514766,"w":-0.9756453037261963},"size":10.306207656860352,"orthographic":false}